Model,RMSE,MAE,R2
XGBoost,4.8546323260018545,3.4802067027211705,0.1672666910175674
