model_a,model_b,spearman
XGBoost,XGBoost,0.9999999999999999
CatBoost,XGBoost,0.3751594511453824
TabPFN,XGBoost,0.6746082864503917
XGBoost,CatBoost,0.3751594511453824
CatBoost,CatBoost,0.9999999999999999
TabPFN,CatBoost,0.3949721000933149
XGBoost,TabPFN,0.6746082864503917
CatBoost,TabPFN,0.3949721000933149
TabPFN,TabPFN,1
