fold,RMSE,MAE,R2
1,4.550816566544625,3.349951141288438,0.1766294054848154
2,4.698510404540797,3.41648184686191,0.20652681186943664
3,5.15341708059349,3.5606031199210992,0.16714056680839776
4,4.788681240569492,3.5276135770160812,0.14464825027938324
5,4.502129198785789,3.3432151050488033,0.21090916047898428
