Model,RMSE,MAE,R2
LASSO,4.917272407458069,3.557884926794285,0.17432633855812002
