fold,RMSE,MAE,R2
1,5.043153614001002,3.486865913942287,0.15071752484504294
2,5.037843717141061,3.6214999226608833,0.14253920749479548
3,4.597607860949982,3.396255027431953,0.16706459534864063
4,4.655784273944633,3.3909026148516674,0.13941437406595514
5,4.896226864309696,3.561481219327765,0.16177404565940703
