Model,RMSE,MAE,R2
CatBoost,4.816785365226734,3.4844226302023027,0.21108846461918987
