fold,RMSE,MAE,R2
1,4.978889243328161,3.4486401638090753,0.17458843808935812
2,4.937265763761294,3.5472506632583247,0.17613866390034738
3,4.514194829653417,3.287223486086251,0.19764153305346813
4,4.5898178319701435,3.3390862726297548,0.1626187553646401
5,4.800496054632073,3.517799498188238,0.19472870176742751
