bmi_class,n,prop
Underweight,488,0.050262642908641464
Normal,5334,0.5493871665465032
Overweight,2620,0.2698527139767226
Obese,1267,0.13049747656813265
