n,bmi_mean,bmi_sd,bmi_median,bmi_iqr,bmi_min,bmi_max
9709,24.82246567261295,5.25187107336775,23.9,5.704159069999999,10,67.899
