model,R2,RMSE,MAE
TabPFN,0.2284255826785921,4.752491680143493,3.427674419800818
CatBoost,0.21108846461918998,4.816785365226734,3.4844226302023027
XGBoost,0.19522566979480732,4.856562469722266,3.512682434410897
Lasso,0.17432633855811988,4.917272407458069,3.557884926794285
