{
  "R2": 0.3095818316901833,
  "RMSE": 4.49379639197557,
  "MAE": 3.254359121553052
}