{
  "R2": 0.22780290930317726,
  "RMSE": 4.752491689452996,
  "MAE": 3.4276744300493314
}