{
  "R2": 0.04265368025810379,
  "RMSE": 5.291658653835032,
  "MAE": 3.6977271124103455
}