dataset,model,R2,RMSE,MAE
microbiome,TabPFN,0.22780290930317726,4.752491689452996,3.4276744300493314
full,TabPFN,0.3095818316901833,4.49379639197557,3.254359121553052
metadata,TabPFN,0.04265368025810379,5.291658653835032,3.6977271124103455
